alert_id,month_end_flag,collection_spike_ratio,undeclared_source,repeated_source_count,gps_mismatch_km,agent_prior_risk
COL00000,1,3.72,1,10,1.19,90
COL00001,0,1.0,0,4,7.86,60
COL00002,0,2.88,0,1,1.62,61
COL00003,1,1.06,0,4,6.08,85
COL00004,0,3.13,0,9,5.15,81
COL00005,1,4.03,0,2,3.61,76
COL00006,1,1.93,0,5,0.03,59
COL00007,1,3.63,1,0,4.83,66
COL00008,0,1.62,0,2,5.63,21
COL00009,0,2.82,0,7,0.48,78
COL00010,0,3.26,1,4,7.55,49
COL00011,0,3.78,0,4,3.85,72
COL00012,0,2.05,1,1,0.66,9
COL00013,0,2.18,0,1,7.83,80
COL00014,0,2.1,0,5,7.5,68
COL00015,1,1.52,0,8,4.21,49
COL00016,1,3.23,0,3,1.19,47
COL00017,1,1.71,0,2,1.38,92
COL00018,1,3.32,0,7,0.15,10
COL00019,0,2.82,1,1,7.95,83
COL00020,1,1.39,0,7,1.5,65
COL00021,1,1.09,1,3,3.51,56
COL00022,0,3.42,0,5,6.91,15
COL00023,0,2.43,0,10,1.55,8
COL00024,0,3.38,1,8,3.64,47
COL00025,0,1.13,0,9,0.59,50
COL00026,0,4.38,0,5,5.09,11
COL00027,0,1.34,0,4,1.23,98
COL00028,1,1.0,1,1,2.43,61
COL00029,0,1.39,0,10,1.0,88
COL00030,0,2.02,0,9,3.24,40
COL00031,1,1.84,0,1,4.38,1
COL00032,0,1.79,1,8,2.6,28
COL00033,0,3.79,1,10,4.84,98
COL00034,1,3.69,0,9,3.18,13
COL00035,0,2.99,0,9,3.7,69
COL00036,0,2.38,0,1,1.81,13
COL00037,0,2.65,0,10,7.39,58
COL00038,0,1.08,0,4,5.55,87
COL00039,1,3.94,1,5,3.47,6
COL00040,0,2.75,0,7,6.5,69
COL00041,0,1.24,0,2,0.18,71
COL00042,0,3.87,1,8,2.93,78
COL00043,1,1.02,0,5,7.58,36
COL00044,0,1.11,0,0,3.19,100
COL00045,0,2.06,1,8,5.13,10
COL00046,0,3.7,0,8,3.92,34
COL00047,0,1.01,0,1,5.58,78
COL00048,0,4.0,0,7,5.27,89
COL00049,0,2.91,0,2,1.54,100
COL00050,0,3.61,0,2,5.49,71
COL00051,1,3.22,0,9,4.95,59
COL00052,1,1.61,0,10,4.89,45
COL00053,0,0.97,0,4,2.78,80
COL00054,1,3.51,0,0,1.39,66
COL00055,0,3.79,0,10,7.65,5
COL00056,1,1.23,0,7,3.14,6
COL00057,1,2.92,0,2,5.9,54
COL00058,1,2.88,1,5,6.25,72
COL00059,0,3.43,1,6,1.35,0
COL00060,0,2.83,0,2,5.73,16
COL00061,0,1.3,0,6,3.18,47
COL00062,0,4.06,0,5,7.5,63
COL00063,1,0.86,0,10,1.93,99
COL00064,1,4.44,0,0,7.59,98
COL00065,0,1.55,0,8,6.56,72
COL00066,1,1.26,0,0,2.23,74
COL00067,0,2.61,0,2,3.57,79
COL00068,0,4.17,0,6,7.26,27
COL00069,0,3.08,0,0,0.29,96
COL00070,0,1.34,1,8,7.5,71
COL00071,0,4.46,0,9,7.35,62
COL00072,1,2.88,0,7,0.31,8
COL00073,1,1.42,0,10,1.38,34
COL00074,1,1.12,0,2,4.97,27
COL00075,0,1.15,0,6,3.77,33
COL00076,0,0.93,1,5,6.58,85
COL00077,0,1.34,1,9,4.12,13
COL00078,0,2.7,1,8,0.49,99
COL00079,1,0.91,0,4,6.58,100
COL00080,0,1.6,1,5,5.97,39
COL00081,1,3.72,0,2,7.4,81
COL00082,0,4.09,0,6,4.15,70
COL00083,1,4.35,0,8,5.44,38
COL00084,0,2.43,0,2,1.37,21
COL00085,0,2.27,0,2,6.53,1
COL00086,1,1.83,0,7,2.34,49
COL00087,0,3.83,0,4,7.32,52
COL00088,0,1.11,1,5,0.2,8
COL00089,0,0.94,1,10,2.16,14
COL00090,0,1.19,0,0,3.65,22
COL00091,0,0.89,0,6,4.88,92
COL00092,1,3.52,1,8,2.17,23
COL00093,0,1.38,0,1,6.27,8
COL00094,0,4.2,1,4,1.71,74
COL00095,0,4.14,0,10,2.75,55
COL00096,0,3.4,0,9,6.47,95
COL00097,1,4.22,1,4,6.33,97
COL00098,0,3.69,0,10,1.67,67
COL00099,0,2.91,1,0,2.47,49
COL00100,1,1.58,0,4,5.85,60
COL00101,1,3.11,0,10,3.82,36
COL00102,0,3.96,1,2,7.62,12
COL00103,1,2.52,0,1,6.91,55
COL00104,0,3.84,0,9,0.08,7
COL00105,1,3.81,0,4,1.38,14
COL00106,0,1.61,1,4,3.92,53
COL00107,0,1.9,0,2,1.03,16
COL00108,1,2.45,0,1,3.37,37
COL00109,1,0.9,0,9,2.88,20
COL00110,1,1.78,0,5,3.43,52
COL00111,0,1.61,0,8,0.34,11
COL00112,1,4.21,0,3,2.83,63
COL00113,0,2.94,0,9,2.19,59
COL00114,1,2.3,0,4,3.03,54
COL00115,0,2.27,0,4,7.71,91
COL00116,1,1.92,0,6,7.34,97
COL00117,0,3.49,1,0,1.7,38
COL00118,0,1.4,0,4,5.94,25
COL00119,0,4.03,0,4,5.53,17
COL00120,1,2.28,1,4,4.58,24
COL00121,1,3.1,0,5,6.74,12
COL00122,0,4.34,1,5,0.6,37
COL00123,0,1.01,0,1,4.3,29
COL00124,0,2.11,0,9,6.01,4
COL00125,1,4.46,1,4,0.73,69
COL00126,1,2.12,0,9,2.66,84
COL00127,0,1.58,0,5,0.9,55
COL00128,0,0.94,0,9,7.12,22
COL00129,0,1.35,0,10,5.42,42
COL00130,0,0.81,1,1,1.16,96
COL00131,0,1.16,0,9,2.85,78
COL00132,0,3.54,0,2,7.3,8
COL00133,0,2.43,0,5,2.58,27
COL00134,0,0.97,0,1,5.17,98
COL00135,1,1.28,1,3,1.21,45
COL00136,1,1.54,1,4,2.14,89
COL00137,0,1.25,0,1,5.23,43
COL00138,1,3.89,0,1,7.0,12
COL00139,0,3.98,0,6,4.42,22
COL00140,0,1.24,1,0,1.38,47
COL00141,1,3.88,0,5,0.33,26
COL00142,0,3.12,0,7,1.79,25
COL00143,0,1.36,1,1,7.76,23
COL00144,1,1.74,0,6,5.58,16
COL00145,0,1.21,1,6,7.78,10
COL00146,1,2.99,0,4,0.12,49
COL00147,1,3.91,0,1,5.56,1
COL00148,1,4.45,1,8,2.25,57
COL00149,0,3.09,0,0,0.22,37
COL00150,0,4.21,0,3,2.96,27
COL00151,0,1.7,0,9,2.2,56
COL00152,0,2.66,0,7,5.31,49
COL00153,0,1.33,0,4,4.09,30
COL00154,0,2.87,0,6,0.71,25
COL00155,0,3.32,0,7,4.88,43
COL00156,1,3.8,1,9,0.49,16
COL00157,0,4.34,0,5,3.09,31
COL00158,0,2.29,1,3,6.05,94
COL00159,0,1.46,0,3,1.63,73
COL00160,0,1.94,1,10,0.64,10
COL00161,1,3.94,0,3,7.16,29
COL00162,0,1.4,0,2,4.09,95
COL00163,0,4.17,0,8,0.96,44
COL00164,0,2.16,0,6,0.11,6
COL00165,1,3.23,0,7,3.72,2
COL00166,0,2.81,1,5,4.0,20
COL00167,0,2.98,1,4,7.44,29
COL00168,0,3.67,0,8,2.5,96
COL00169,0,2.99,1,9,3.12,50
COL00170,0,4.03,1,2,1.84,14
COL00171,0,2.97,0,8,5.5,60
COL00172,1,3.72,0,6,5.73,90
COL00173,0,3.98,0,10,5.09,69
COL00174,0,4.12,0,9,1.46,76
COL00175,0,4.05,0,1,6.56,22
COL00176,0,2.33,0,4,4.16,16
COL00177,0,1.26,0,5,4.83,81
COL00178,1,3.57,1,3,3.19,39
COL00179,0,2.54,0,1,4.34,36
COL00180,0,0.96,0,4,3.58,89
COL00181,1,1.45,1,10,4.73,48
COL00182,1,3.2,0,8,1.07,84
COL00183,0,3.34,0,2,7.62,15
COL00184,0,2.68,1,5,2.61,11
COL00185,0,4.23,0,9,4.52,14
COL00186,1,3.15,0,7,7.22,96
COL00187,0,4.17,0,5,7.66,96
COL00188,0,1.65,0,8,1.74,99
COL00189,0,1.92,1,2,1.54,58
COL00190,0,3.23,1,0,3.01,65
COL00191,1,3.51,1,3,7.83,47
COL00192,0,3.69,0,9,5.04,56
COL00193,0,3.09,0,9,6.35,87
COL00194,0,3.15,0,5,1.2,4
COL00195,0,2.67,0,3,6.56,46
COL00196,0,3.72,0,10,5.0,66
COL00197,0,3.67,0,2,4.8,78
COL00198,0,3.71,1,10,4.68,70
COL00199,1,2.87,0,5,6.74,17
COL00200,1,0.94,0,8,5.8,57
COL00201,0,3.91,0,9,0.89,76
COL00202,0,3.35,0,6,3.58,31
COL00203,0,3.3,0,7,0.23,80
COL00204,0,1.6,1,0,5.01,56
COL00205,1,4.41,0,5,7.0,61
COL00206,0,1.5,0,5,5.19,15
COL00207,0,2.33,1,5,5.53,81
COL00208,0,2.55,0,6,1.64,36
COL00209,0,0.99,0,3,3.31,31
COL00210,0,2.71,0,0,1.02,80
COL00211,0,3.86,0,5,7.48,33
COL00212,0,0.87,1,1,4.25,70
COL00213,0,2.82,1,8,4.11,60
COL00214,0,1.26,1,4,7.09,7
COL00215,1,4.05,1,5,6.93,71
COL00216,1,2.75,1,3,2.98,61
COL00217,1,2.98,0,9,3.56,43
COL00218,1,4.37,1,7,0.4,34
COL00219,0,4.49,1,7,5.28,9
COL00220,0,3.32,1,4,7.75,13
COL00221,1,3.93,0,5,1.46,33
COL00222,0,3.73,0,8,6.46,93
COL00223,1,1.22,0,1,1.83,3
COL00224,0,4.41,0,9,2.81,14
COL00225,1,2.4,0,10,5.5,15
COL00226,0,1.27,0,3,2.1,98
COL00227,1,3.81,0,0,5.5,61
COL00228,0,4.15,0,7,6.86,98
COL00229,0,3.79,1,8,7.0,49
COL00230,0,2.38,0,0,5.69,37
COL00231,1,1.15,0,2,4.41,35
COL00232,1,3.38,1,4,5.8,5
COL00233,0,0.88,1,8,7.94,96
COL00234,0,1.99,1,3,5.91,37
COL00235,0,2.1,0,2,1.24,83
COL00236,0,1.05,0,1,2.35,70
COL00237,0,1.18,0,8,4.53,49
COL00238,0,3.37,0,10,1.4,30
COL00239,0,3.94,0,9,3.28,64
COL00240,0,2.31,0,6,7.75,78
COL00241,1,3.6,0,4,3.51,77
COL00242,0,4.05,0,7,4.54,75
COL00243,0,2.89,1,10,1.95,95
COL00244,1,1.75,0,10,6.19,77
COL00245,1,1.61,0,8,2.47,58
COL00246,0,2.66,1,10,5.76,94
COL00247,0,3.79,1,7,6.53,60
COL00248,1,4.49,0,6,6.59,87
COL00249,1,4.5,0,8,3.38,9
COL00250,0,2.68,0,9,8.0,4
COL00251,0,3.7,0,9,4.32,88
COL00252,0,1.61,0,1,0.89,36
COL00253,0,2.68,0,4,5.58,32
COL00254,1,3.97,1,10,1.07,51
COL00255,0,1.13,0,1,4.5,100
COL00256,1,4.35,1,9,2.18,92
COL00257,0,3.71,0,8,5.12,16
COL00258,1,2.06,1,6,1.38,1
COL00259,0,0.83,0,8,5.99,83
COL00260,0,2.54,0,1,2.47,58
COL00261,0,1.41,1,5,2.61,54
COL00262,0,4.37,0,1,6.72,35
COL00263,0,2.11,0,1,5.78,92
COL00264,0,1.54,0,1,4.73,77
COL00265,0,1.68,0,7,1.98,12
COL00266,1,1.43,0,3,6.26,84
COL00267,1,4.18,1,5,7.51,40
COL00268,1,4.47,0,10,2.37,35
COL00269,1,0.87,1,6,6.97,60
COL00270,1,2.97,0,8,4.29,10
COL00271,1,4.38,1,0,3.51,98
COL00272,0,0.92,0,9,7.36,40
COL00273,0,3.14,0,0,2.01,47
COL00274,1,2.42,0,9,5.73,52
COL00275,0,1.72,0,4,4.7,48
COL00276,1,3.83,0,0,1.41,81
COL00277,0,4.33,0,2,1.67,3
COL00278,0,1.23,1,6,6.82,94
COL00279,0,4.13,0,9,3.08,49
COL00280,0,3.64,1,3,2.12,67
COL00281,0,1.02,0,2,3.18,41
COL00282,0,1.88,0,0,5.04,80
COL00283,0,3.25,0,8,4.59,64
COL00284,0,3.05,0,2,0.56,9
COL00285,0,3.81,1,0,7.37,38
COL00286,1,2.57,0,3,2.4,88
COL00287,0,2.08,1,5,5.98,36
COL00288,1,1.42,1,4,5.48,96
COL00289,0,1.88,0,6,7.45,11
COL00290,0,3.24,0,6,6.14,36
COL00291,0,2.6,1,3,1.75,75
COL00292,1,4.41,0,4,6.38,14
COL00293,1,4.17,0,10,3.16,47
COL00294,0,3.6,1,8,6.14,53
COL00295,0,0.82,1,8,5.33,12
COL00296,0,0.99,0,8,0.09,18
COL00297,1,4.32,0,3,0.14,96
COL00298,0,3.36,0,2,1.21,76
COL00299,0,4.47,0,7,1.81,79
COL00300,1,3.98,0,6,7.79,11
COL00301,0,3.44,1,5,6.31,41
COL00302,0,2.93,0,6,2.8,55
COL00303,0,3.71,0,1,1.14,8
COL00304,0,4.33,0,6,0.74,15
COL00305,0,2.54,0,6,4.04,89
COL00306,0,3.76,1,0,7.99,98
COL00307,0,2.8,0,4,3.7,31
COL00308,1,3.26,0,9,5.64,26
COL00309,1,4.06,1,0,2.43,30
COL00310,0,4.05,0,10,7.36,72
COL00311,1,2.03,0,10,5.82,86
COL00312,1,2.07,0,1,7.48,63
COL00313,0,1.41,0,4,7.38,48
COL00314,1,3.91,1,10,7.29,89
COL00315,1,2.09,0,1,6.34,11
COL00316,0,1.55,1,8,3.45,24
COL00317,0,4.47,0,4,2.85,85
COL00318,1,1.07,0,5,7.0,29
COL00319,0,1.91,0,6,5.17,22
COL00320,1,1.85,0,10,6.62,49
COL00321,0,4.37,0,9,5.41,16
COL00322,1,2.01,0,1,1.24,83
COL00323,0,3.11,0,3,4.37,26
COL00324,1,3.33,1,3,5.2,64
COL00325,0,3.03,0,5,7.58,29
COL00326,0,4.39,0,10,7.33,82
COL00327,1,2.84,0,5,1.1,61
COL00328,1,3.66,0,4,5.95,24
COL00329,0,1.77,0,1,1.55,30
COL00330,0,4.26,0,4,5.86,46
COL00331,1,4.19,0,5,2.32,79
COL00332,0,3.79,1,5,7.98,9
COL00333,1,4.1,0,3,1.18,40
COL00334,0,2.4,1,3,5.88,83
COL00335,1,2.09,1,10,7.21,13
COL00336,1,3.28,0,7,1.12,26
COL00337,0,4.01,0,9,0.43,23
COL00338,0,1.26,1,5,5.81,22
COL00339,0,1.36,0,1,0.83,74
COL00340,1,2.92,1,0,4.06,74
COL00341,0,4.07,1,9,5.22,8
COL00342,1,3.78,0,10,5.16,71
COL00343,0,3.8,0,0,1.29,97
COL00344,0,2.69,0,6,5.26,84
COL00345,0,3.15,0,4,1.89,97
COL00346,1,4.49,0,8,3.37,69
COL00347,1,4.29,0,8,0.07,69
COL00348,0,3.66,0,9,3.49,4
COL00349,0,2.86,0,2,2.24,53
COL00350,1,1.39,1,5,7.48,67
COL00351,0,3.14,0,8,2.19,88
COL00352,0,3.69,1,7,0.23,18
COL00353,0,3.79,0,4,7.87,19
COL00354,0,3.17,0,8,0.3,38
COL00355,0,2.8,0,3,6.6,24
COL00356,0,3.05,1,9,3.13,97
COL00357,0,2.34,0,1,2.19,99
COL00358,1,1.8,0,5,7.71,41
COL00359,1,2.48,0,3,5.22,22
COL00360,0,1.5,1,10,3.56,64
COL00361,0,1.07,0,9,3.02,11
COL00362,0,1.88,0,6,2.99,85
COL00363,1,2.97,0,9,6.41,91
COL00364,0,1.25,0,6,0.93,32
COL00365,0,4.27,1,3,6.61,43
COL00366,0,4.19,0,6,7.37,66
COL00367,1,2.1,1,9,6.25,46
COL00368,1,3.29,0,6,0.15,94
COL00369,1,2.7,0,8,5.26,91
COL00370,0,3.46,1,1,3.97,41
COL00371,0,1.97,0,2,3.46,27
COL00372,0,3.01,0,10,0.29,64
COL00373,0,2.56,0,3,5.19,6
COL00374,1,2.11,0,0,3.72,35
COL00375,0,3.8,1,3,2.38,0
COL00376,0,3.32,1,5,2.7,3
COL00377,1,4.41,0,3,1.56,99
COL00378,1,4.09,1,1,7.85,60
COL00379,0,4.41,0,4,4.98,54
COL00380,0,1.16,0,5,1.88,32
COL00381,1,1.34,0,10,0.39,42
COL00382,0,3.92,0,2,3.05,21
COL00383,1,1.11,0,8,6.79,80
COL00384,0,2.54,0,8,2.25,18
COL00385,0,2.18,0,0,6.0,11
COL00386,1,2.35,0,2,3.76,51
COL00387,1,1.92,1,8,4.37,36
COL00388,0,3.8,0,4,0.86,9
COL00389,0,3.35,1,1,5.17,95
COL00390,0,3.67,0,9,2.16,21
COL00391,0,2.87,1,6,5.59,34
COL00392,1,3.01,0,5,3.57,13
COL00393,0,3.36,0,10,4.3,25
COL00394,1,1.84,0,7,2.28,58
COL00395,1,3.89,0,7,1.48,33
COL00396,0,3.55,0,3,0.99,88
COL00397,0,3.02,1,1,1.02,24
COL00398,0,2.7,0,1,2.65,34
COL00399,0,3.62,0,7,1.96,87
COL00400,0,2.47,0,0,2.17,13
COL00401,1,3.39,0,8,4.27,52
COL00402,1,2.26,1,3,2.94,96
COL00403,0,4.38,0,2,7.12,58
COL00404,0,3.6,0,8,2.29,1
COL00405,1,1.05,1,10,4.78,62
COL00406,0,2.72,0,6,5.68,8
COL00407,0,2.3,0,10,7.77,87
COL00408,0,1.56,0,2,3.95,68
COL00409,0,1.52,0,0,6.94,90
COL00410,0,2.63,0,0,5.72,72
COL00411,0,3.32,0,9,5.03,2
COL00412,0,4.15,0,3,7.57,89
COL00413,1,1.06,1,3,3.23,16
COL00414,1,2.68,1,9,2.67,87
COL00415,1,4.38,0,6,3.85,32
COL00416,0,2.32,0,2,1.16,82
COL00417,0,2.02,0,10,3.06,94
COL00418,0,2.73,0,8,6.98,1
COL00419,0,4.11,0,4,3.83,23
COL00420,1,1.27,0,2,1.8,28
COL00421,0,4.0,1,4,6.92,90
COL00422,1,3.3,0,0,6.31,31
COL00423,0,2.51,0,10,2.18,20
COL00424,0,4.01,0,9,3.22,98
COL00425,0,2.62,0,5,1.87,59
COL00426,1,4.28,1,2,0.1,17
COL00427,1,3.96,0,10,4.35,6
COL00428,1,0.82,0,2,2.15,83
COL00429,1,1.42,0,1,1.89,93
COL00430,0,2.52,0,0,0.48,68
COL00431,1,3.08,0,2,4.58,29
COL00432,0,3.95,0,0,3.51,75
COL00433,1,3.69,0,0,0.3,90
COL00434,0,1.29,1,4,2.14,100
COL00435,0,1.25,1,6,6.75,0
COL00436,0,1.98,0,0,2.24,74
COL00437,1,1.74,0,6,2.19,12
COL00438,0,1.2,0,8,1.09,21
COL00439,1,1.63,0,2,5.96,73
COL00440,0,1.09,1,2,1.56,94
COL00441,1,4.4,0,3,4.55,81
COL00442,0,4.23,0,8,7.15,36
COL00443,0,2.63,0,2,1.1,91
COL00444,1,4.27,0,6,6.79,6
COL00445,0,1.11,0,9,2.72,87
COL00446,1,1.14,0,7,4.02,38
COL00447,0,3.72,0,10,4.32,37
COL00448,0,4.0,0,1,5.69,79
COL00449,0,3.34,1,9,3.75,77
COL00450,0,4.01,0,3,0.17,13
COL00451,0,3.23,0,1,0.86,35
COL00452,0,1.57,1,6,5.53,6
COL00453,1,1.88,0,0,7.51,38
COL00454,0,4.14,0,2,6.52,52
COL00455,1,2.09,0,10,5.0,80
COL00456,1,2.82,0,7,1.52,98
COL00457,0,3.2,0,3,4.88,16
COL00458,0,3.16,0,0,5.95,81
COL00459,1,2.1,0,7,4.95,12
COL00460,0,2.37,0,1,7.15,18
COL00461,0,3.79,0,4,6.43,90
COL00462,1,1.64,0,9,3.6,41
COL00463,0,1.72,0,4,6.18,74
COL00464,0,0.96,0,0,3.17,54
COL00465,0,2.69,0,6,6.62,73
COL00466,1,4.25,1,10,7.63,17
COL00467,0,1.32,0,4,0.36,1
COL00468,1,3.58,0,6,6.29,66
COL00469,0,1.98,1,5,6.37,95
COL00470,0,1.41,0,4,4.15,79
COL00471,0,2.31,0,10,5.99,69
COL00472,1,2.42,1,7,7.81,43
COL00473,0,2.41,0,7,5.42,61
COL00474,1,1.26,0,8,0.76,31
COL00475,1,4.33,0,3,4.36,26
COL00476,1,3.16,0,7,4.04,83
COL00477,1,1.24,0,2,7.28,6
COL00478,0,3.34,1,5,3.2,43
COL00479,0,0.84,1,4,0.41,68
COL00480,0,2.42,0,5,0.63,60
COL00481,0,3.39,0,5,7.54,32
COL00482,0,1.9,0,10,5.09,38
COL00483,0,3.41,0,2,6.04,2
COL00484,0,1.84,0,9,0.69,96
COL00485,0,1.07,1,7,7.11,73
COL00486,0,4.24,0,4,7.27,23
COL00487,0,1.68,0,9,2.68,64
COL00488,0,4.46,0,7,7.6,76
COL00489,0,2.32,1,4,4.92,41
COL00490,0,2.06,0,4,7.78,68
COL00491,0,2.21,0,6,1.58,70
COL00492,0,2.67,0,0,7.98,43
COL00493,0,2.89,1,1,1.31,15
COL00494,0,2.66,0,4,3.05,31
COL00495,0,4.36,0,6,2.95,47
COL00496,0,4.1,0,3,0.0,87
COL00497,1,3.31,1,5,4.65,5
COL00498,1,2.27,0,7,5.33,80
COL00499,0,4.44,0,6,4.54,11
COL00500,1,2.24,0,7,7.98,43
COL00501,0,4.42,0,3,5.78,78
COL00502,0,1.35,0,7,2.1,12
COL00503,0,1.25,0,6,7.36,46
COL00504,0,2.26,0,7,3.22,1
COL00505,0,1.7,0,8,3.14,57
COL00506,1,1.01,0,6,3.68,49
COL00507,0,3.08,0,4,7.13,82
COL00508,0,1.37,0,3,3.38,22
COL00509,0,1.97,0,2,5.71,26
COL00510,0,3.01,0,7,5.05,8
COL00511,0,1.6,0,6,5.92,7
COL00512,1,4.34,0,6,3.82,98
COL00513,0,2.16,0,5,0.29,42
COL00514,0,3.91,0,1,3.43,94
COL00515,0,3.26,0,9,5.77,69
COL00516,0,3.16,0,6,0.87,39
COL00517,0,2.85,0,6,0.05,66
COL00518,0,2.17,0,6,2.45,3
COL00519,1,2.19,0,10,1.35,36
COL00520,1,3.69,0,2,3.99,79
COL00521,0,1.32,0,6,3.1,43
COL00522,0,2.35,1,9,0.45,87
COL00523,0,0.96,0,2,3.98,63
COL00524,0,4.23,0,6,2.99,57
COL00525,0,4.29,0,6,3.29,88
COL00526,0,4.46,0,1,3.33,3
COL00527,0,1.38,1,10,5.93,16
COL00528,0,1.74,0,4,6.52,43
COL00529,0,1.44,0,9,7.88,58
COL00530,0,2.79,0,6,0.77,67
COL00531,0,0.9,0,5,7.35,61
COL00532,0,1.06,0,3,4.16,97
COL00533,1,4.48,1,3,5.99,44
COL00534,0,2.35,0,5,1.55,31
COL00535,0,3.89,1,5,0.69,68
COL00536,1,3.3,1,9,3.22,23
COL00537,1,3.09,0,5,3.33,73
COL00538,1,0.96,1,8,6.65,75
COL00539,0,2.13,0,8,5.54,97
COL00540,1,1.76,0,4,0.78,49
COL00541,1,2.3,0,10,0.78,0
COL00542,0,2.01,0,3,4.59,53
COL00543,1,3.79,0,0,2.33,65
COL00544,0,2.71,0,5,6.76,61
COL00545,0,4.48,0,8,5.67,62
COL00546,0,3.42,1,0,1.35,97
COL00547,0,2.66,1,3,4.31,76
COL00548,0,2.5,0,5,5.36,96
COL00549,0,1.77,1,8,7.24,99
COL00550,0,2.07,0,3,5.22,15
COL00551,0,3.02,1,1,6.13,89
COL00552,0,3.31,0,2,6.64,47
COL00553,0,2.29,1,3,0.38,14
COL00554,1,4.19,0,7,4.94,55
COL00555,1,1.13,0,3,6.03,25
COL00556,0,2.87,0,8,5.03,50
COL00557,0,3.15,0,10,7.2,14
COL00558,1,0.93,0,4,1.63,54
COL00559,1,1.46,0,6,1.47,30
COL00560,1,1.52,0,7,0.71,22
COL00561,1,4.44,0,9,1.03,8
COL00562,1,2.78,1,8,1.5,78
COL00563,0,1.29,0,8,3.59,18
COL00564,0,2.17,0,5,7.05,29
COL00565,0,3.3,1,6,5.11,89
COL00566,1,0.91,0,10,4.62,5
COL00567,0,2.41,0,3,5.15,41
COL00568,0,2.97,1,5,7.62,63
COL00569,0,2.3,0,5,7.03,82
COL00570,0,1.56,0,6,5.43,10
COL00571,1,3.38,1,3,5.48,27
COL00572,1,1.5,1,6,3.98,54
COL00573,0,2.43,0,0,4.34,52
COL00574,0,0.96,0,3,5.8,34
COL00575,0,0.96,1,9,2.75,67
COL00576,0,1.82,0,8,2.64,12
COL00577,0,3.24,0,8,5.88,74
COL00578,1,3.81,0,3,5.07,63
COL00579,0,2.75,1,10,7.81,49
COL00580,0,4.22,0,6,4.25,78
COL00581,1,4.47,0,3,3.77,30
COL00582,0,4.34,0,4,6.78,34
COL00583,1,3.26,1,8,6.82,47
COL00584,0,0.91,1,5,6.25,32
COL00585,1,1.71,0,8,7.6,80
COL00586,1,1.16,0,3,6.86,5
COL00587,1,1.84,0,9,5.19,33
COL00588,0,2.98,1,1,4.17,54
COL00589,0,4.17,1,7,2.94,91
COL00590,0,4.5,1,9,4.42,46
COL00591,0,2.47,0,6,6.27,3
COL00592,0,3.41,1,0,4.72,30
COL00593,0,2.32,0,4,5.89,67
COL00594,0,2.96,0,10,1.58,96
COL00595,1,3.63,0,0,7.32,46
COL00596,1,4.12,1,7,6.32,80
COL00597,1,4.49,0,8,0.33,99
COL00598,0,4.25,0,10,6.43,70
COL00599,1,3.13,0,4,2.0,100
COL00600,1,1.43,0,4,4.64,36
COL00601,0,2.87,1,9,1.38,83
COL00602,0,1.55,0,0,2.77,61
COL00603,0,2.73,0,4,6.42,8
COL00604,0,1.83,1,5,5.87,8
COL00605,1,3.25,0,10,3.62,39
COL00606,0,3.65,0,0,2.62,52
COL00607,1,1.28,0,4,3.38,4
COL00608,1,3.64,0,10,5.1,63
COL00609,0,2.33,0,5,3.84,49
COL00610,0,2.5,1,0,1.75,18
COL00611,0,1.21,0,2,2.22,71
COL00612,0,2.12,1,9,4.62,64
COL00613,0,1.9,1,1,4.36,44
COL00614,1,3.0,0,2,3.85,53
COL00615,0,3.72,0,8,4.71,7
COL00616,0,4.19,0,0,2.99,53
COL00617,1,1.41,1,9,4.08,35
COL00618,0,4.48,1,7,6.29,23
COL00619,1,1.5,0,7,7.38,69
COL00620,0,3.46,1,2,2.75,49
COL00621,0,3.07,0,7,7.53,64
COL00622,0,1.24,0,7,3.53,15
COL00623,0,1.23,0,3,4.19,76
COL00624,0,1.33,0,7,4.09,50
COL00625,0,1.21,0,9,0.52,21
COL00626,0,3.34,0,10,2.15,16
COL00627,0,3.44,1,8,7.1,28
COL00628,1,2.85,0,9,3.72,81
COL00629,0,2.19,0,8,6.35,99
COL00630,0,1.87,0,4,4.89,46
COL00631,0,4.22,1,7,3.11,59
COL00632,0,2.4,0,8,3.27,71
COL00633,0,1.95,0,10,1.7,75
COL00634,0,3.29,0,3,5.94,25
COL00635,0,1.5,1,6,5.27,6
COL00636,0,3.02,0,4,4.5,7
COL00637,0,1.34,0,2,6.37,29
COL00638,0,2.95,0,2,0.74,60
COL00639,0,2.68,0,4,5.64,91
COL00640,0,3.58,0,6,0.63,21
COL00641,1,4.36,1,8,3.58,4
COL00642,1,0.98,1,4,3.41,96
COL00643,0,4.15,1,10,6.29,19
COL00644,0,1.37,0,7,3.32,19
COL00645,0,4.32,0,0,3.39,44
COL00646,1,4.19,0,10,3.36,63
COL00647,1,1.5,0,7,0.38,6
COL00648,0,4.19,0,5,7.77,46
COL00649,0,4.39,1,8,7.04,92
COL00650,1,2.07,0,8,2.04,26
COL00651,0,4.41,0,1,6.74,88
COL00652,0,2.86,0,10,3.23,13
COL00653,0,3.46,0,8,0.65,71
COL00654,0,2.02,0,1,2.88,75
COL00655,0,2.76,0,2,1.89,26
COL00656,0,1.79,0,7,0.54,46
COL00657,0,2.08,0,2,6.09,1
COL00658,0,3.87,1,7,5.66,8
COL00659,0,3.59,1,10,2.63,55
COL00660,0,3.77,1,0,1.55,56
COL00661,0,4.09,0,1,7.41,38
COL00662,0,1.56,1,2,6.32,58
COL00663,0,1.44,0,8,1.55,83
COL00664,0,4.13,1,4,3.77,11
COL00665,0,2.26,1,5,7.07,90
COL00666,0,4.43,0,2,3.22,75
COL00667,1,1.67,1,1,7.93,29
COL00668,1,4.01,1,8,6.55,55
COL00669,1,1.34,0,6,8.0,64
COL00670,1,2.84,1,9,3.13,66
COL00671,0,1.51,0,3,5.92,64
COL00672,1,2.38,0,4,3.57,66
COL00673,0,2.76,1,5,5.48,15
COL00674,0,2.64,1,3,1.71,15
COL00675,0,1.35,0,8,4.15,82
COL00676,0,3.09,0,7,2.56,11
COL00677,0,4.06,0,5,7.38,36
COL00678,0,0.9,0,4,3.89,45
COL00679,1,1.89,1,3,3.37,79
COL00680,1,2.56,0,2,5.8,38
COL00681,0,4.31,1,1,0.1,60
COL00682,0,2.55,0,8,4.52,63
COL00683,0,3.54,0,0,0.0,99
COL00684,0,3.58,0,7,4.85,17
COL00685,0,2.17,0,7,1.66,50
COL00686,0,3.35,0,3,3.61,32
COL00687,1,2.91,0,1,1.31,20
COL00688,0,2.99,0,4,5.19,81
COL00689,0,2.34,1,0,0.48,12
COL00690,0,4.47,0,8,2.99,39
COL00691,0,0.99,0,0,4.06,73
COL00692,0,2.68,0,9,3.78,55
COL00693,0,0.93,1,7,2.16,73
COL00694,0,2.65,0,6,6.69,62
COL00695,0,1.27,0,0,2.65,73
COL00696,0,3.19,1,0,2.36,38
COL00697,0,3.05,0,5,0.3,94
COL00698,0,2.01,1,9,2.19,1
COL00699,0,1.02,0,6,5.07,20
COL00700,0,0.84,0,0,5.25,5
COL00701,1,3.65,1,1,7.79,79
COL00702,0,1.71,1,1,3.69,95
COL00703,1,2.86,0,4,3.79,56
COL00704,0,1.59,0,1,2.9,37
COL00705,1,4.45,1,4,1.72,31
COL00706,0,2.98,1,8,1.88,59
COL00707,0,0.95,0,1,6.8,70
COL00708,0,2.84,1,8,5.5,90
COL00709,0,2.62,0,1,4.7,69
COL00710,0,3.85,0,10,1.55,87
COL00711,0,3.37,0,7,6.63,52
COL00712,0,1.15,0,8,2.02,95
COL00713,0,3.89,1,9,1.63,20
COL00714,1,2.31,0,0,3.36,54
COL00715,0,3.08,0,6,6.24,75
COL00716,0,3.44,0,0,1.45,64
COL00717,0,3.38,1,6,1.61,96
COL00718,0,0.82,0,9,6.98,94
COL00719,1,4.05,0,3,0.6,13
COL00720,0,1.4,0,5,5.14,67
COL00721,1,3.7,0,9,7.66,82
COL00722,1,2.53,1,3,7.83,67
COL00723,1,1.62,0,3,1.19,41
COL00724,1,0.98,1,1,4.32,13
COL00725,0,4.2,1,0,3.84,67
COL00726,0,3.85,0,0,7.47,9
COL00727,0,1.42,1,10,1.59,99
COL00728,0,3.73,0,2,7.6,12
COL00729,1,0.92,0,4,2.66,6
COL00730,0,3.4,1,9,0.64,77
COL00731,0,2.51,0,0,4.09,47
COL00732,0,1.11,0,5,0.19,89
COL00733,1,1.41,1,5,0.48,9
COL00734,1,1.42,0,5,0.48,66
COL00735,1,2.53,1,9,0.44,62
COL00736,1,0.83,0,1,2.27,30
COL00737,0,4.11,1,1,0.25,47
COL00738,1,1.25,0,8,4.01,15
COL00739,0,1.98,0,0,4.53,71
COL00740,1,4.39,0,3,2.71,76
COL00741,1,1.39,0,3,7.68,95
COL00742,1,4.22,0,9,5.95,45
COL00743,1,1.65,1,10,5.77,60
COL00744,1,3.78,0,9,6.8,61
COL00745,0,2.12,0,10,3.02,34
COL00746,0,4.45,0,10,2.95,42
COL00747,0,1.07,0,5,3.6,10
COL00748,0,0.89,0,5,3.78,55
COL00749,0,4.45,0,0,6.81,90
COL00750,0,4.3,0,0,2.0,60
COL00751,1,3.41,0,8,3.12,18
COL00752,0,1.04,0,7,4.29,1
COL00753,0,4.24,0,8,3.07,14
COL00754,0,2.39,1,8,2.54,33
COL00755,0,2.01,1,7,2.38,67
COL00756,1,1.91,0,9,2.1,52
COL00757,0,1.42,0,6,6.17,76
COL00758,0,1.15,0,8,0.86,29
COL00759,0,4.22,1,9,5.16,10
COL00760,1,2.05,1,9,1.27,59
COL00761,0,3.31,1,5,4.27,77
COL00762,0,3.19,1,6,0.19,10
COL00763,1,1.23,0,10,5.01,64
COL00764,0,3.76,0,10,4.85,59
COL00765,0,2.74,0,2,4.57,30
COL00766,1,1.01,0,7,1.13,40
COL00767,0,0.98,0,9,5.13,53
COL00768,0,3.14,1,4,3.27,49
COL00769,0,0.81,0,0,3.33,72
COL00770,1,3.77,1,5,5.93,93
COL00771,1,2.67,0,9,3.64,58
COL00772,0,1.77,0,0,2.1,14
COL00773,0,1.44,1,1,3.28,86
COL00774,0,1.19,0,2,1.53,63
COL00775,0,2.43,1,9,6.77,42
COL00776,0,3.8,1,0,0.93,75
COL00777,1,1.26,0,6,2.26,2
COL00778,1,2.18,0,0,1.36,10
COL00779,1,2.46,0,4,5.68,62
COL00780,1,2.07,0,0,1.75,60
COL00781,1,4.37,0,0,0.09,32
COL00782,0,1.62,0,6,4.3,7
COL00783,1,0.93,0,1,7.28,18
COL00784,0,3.97,1,10,7.38,99
COL00785,0,2.55,0,7,2.5,59
COL00786,1,3.6,0,9,6.28,57
COL00787,1,0.86,1,9,3.73,54
COL00788,1,3.72,0,10,5.66,33
COL00789,0,1.35,0,3,0.96,44
COL00790,1,0.83,0,10,4.46,63
COL00791,0,1.09,1,7,0.57,79
COL00792,1,3.35,0,6,3.4,14
COL00793,0,2.32,0,8,0.69,100
COL00794,0,3.75,1,7,6.67,2
COL00795,0,3.21,0,2,7.62,43
COL00796,0,4.1,0,4,4.59,78
COL00797,1,3.28,0,2,6.69,53
COL00798,1,1.02,0,3,2.16,84
COL00799,1,1.57,1,8,4.18,88
COL00800,0,1.96,0,1,0.45,58
COL00801,0,2.61,0,6,5.82,31
COL00802,1,2.95,0,8,0.55,54
COL00803,0,1.55,1,7,7.69,26
COL00804,0,3.33,0,4,1.87,0
COL00805,1,1.29,0,9,4.68,67
COL00806,0,3.2,1,9,7.36,52
COL00807,1,3.06,0,4,6.53,63
COL00808,0,3.32,1,3,0.81,91
COL00809,0,4.21,1,5,1.58,15
COL00810,0,3.59,1,2,6.18,42
COL00811,1,4.01,1,0,3.22,33
COL00812,0,3.91,0,5,6.87,46
COL00813,0,0.92,1,9,0.67,7
COL00814,1,2.44,0,7,1.55,38
COL00815,0,2.63,1,1,5.62,38
COL00816,0,3.5,0,10,7.13,9
COL00817,1,2.55,0,10,1.09,86
COL00818,1,4.22,1,9,0.66,74
COL00819,0,2.74,1,9,6.97,6
COL00820,1,3.76,1,7,3.46,92
COL00821,1,3.66,0,1,6.16,82
COL00822,1,4.3,1,10,5.69,24
COL00823,0,2.72,0,4,6.55,36
COL00824,0,2.63,1,7,3.85,37
COL00825,0,1.43,0,7,0.91,73
COL00826,0,4.32,0,9,6.08,55
COL00827,0,2.56,0,10,3.21,33
COL00828,1,3.5,0,1,3.83,14
COL00829,0,2.23,0,4,2.17,23
COL00830,0,2.88,0,3,7.52,22
COL00831,1,0.95,1,2,4.68,84
COL00832,0,4.38,0,4,7.93,60
COL00833,0,1.41,1,3,7.84,11
COL00834,0,0.96,1,8,1.45,18
COL00835,1,3.15,0,7,3.13,61
COL00836,0,1.53,0,9,4.53,28
COL00837,0,2.84,0,5,4.86,6
COL00838,0,2.76,0,9,6.09,96
COL00839,0,2.7,1,4,5.46,98
COL00840,1,4.01,0,3,5.8,51
COL00841,0,3.4,0,6,4.82,69
COL00842,0,2.61,0,0,6.08,50
COL00843,1,3.94,0,7,1.34,71
COL00844,0,2.88,1,1,3.2,39
COL00845,1,1.84,0,8,7.79,78
COL00846,1,1.21,0,2,6.56,7
COL00847,0,0.83,0,5,0.2,75
COL00848,0,2.0,0,4,0.75,60
COL00849,0,0.89,0,5,1.92,66
COL00850,0,4.23,0,3,6.73,21
COL00851,0,4.16,0,8,5.38,93
COL00852,0,3.23,0,4,7.13,5
COL00853,1,2.63,1,2,3.09,68
COL00854,0,3.13,1,3,5.28,49
COL00855,1,3.49,0,5,3.02,17
COL00856,0,1.81,1,7,1.38,17
COL00857,1,2.37,0,2,4.01,31
COL00858,0,1.61,0,2,5.06,5
COL00859,0,4.22,0,2,1.09,84
COL00860,0,2.19,0,5,4.22,39
COL00861,0,3.28,1,7,1.75,79
COL00862,0,2.68,0,1,5.85,65
COL00863,0,3.46,0,2,2.31,84
COL00864,1,1.2,0,9,3.5,28
COL00865,0,3.03,0,2,4.1,65
COL00866,1,0.92,0,9,3.92,33
COL00867,0,0.93,1,9,1.41,29
COL00868,0,2.42,0,1,2.2,44
COL00869,1,3.65,0,4,2.19,39
COL00870,1,4.48,0,7,7.37,62
COL00871,1,2.88,1,3,1.63,32
COL00872,0,1.55,0,5,7.91,57
COL00873,0,3.94,0,7,4.33,11
COL00874,1,3.0,0,1,0.86,49
COL00875,1,1.22,0,6,2.02,48
COL00876,0,3.08,0,5,6.71,4
COL00877,0,1.2,0,1,2.89,82
COL00878,1,2.8,0,3,1.86,50
COL00879,1,3.14,0,5,0.14,26
COL00880,1,2.84,1,0,5.66,31
COL00881,0,1.11,0,7,1.54,84
COL00882,1,4.26,0,2,1.06,10
COL00883,0,2.48,0,8,7.99,16
COL00884,0,3.67,1,6,4.31,80
COL00885,0,4.46,0,10,3.31,29
COL00886,1,2.58,0,6,6.45,69
COL00887,0,2.31,1,9,5.99,65
COL00888,0,1.96,0,1,4.61,79
COL00889,0,2.03,0,1,0.69,2
COL00890,1,4.26,0,10,1.66,24
COL00891,1,3.82,1,7,2.95,16
COL00892,0,2.24,0,8,5.95,24
COL00893,0,3.24,1,1,6.75,92
COL00894,0,0.85,0,5,6.24,25
COL00895,1,3.02,0,9,0.57,12
COL00896,0,2.2,0,10,6.12,9
COL00897,1,4.48,0,10,6.58,52
COL00898,0,3.04,1,9,3.32,47
COL00899,0,3.0,0,6,4.68,6
COL00900,0,0.81,0,3,1.5,53
COL00901,1,0.85,0,8,2.45,84
COL00902,1,2.88,1,4,4.96,31
COL00903,1,4.08,1,5,1.7,66
COL00904,0,3.24,1,2,4.99,1
COL00905,1,4.05,1,8,7.02,18
COL00906,1,2.36,0,1,0.17,79
COL00907,0,1.35,0,8,4.99,26
COL00908,0,1.43,1,10,0.76,12
COL00909,0,3.6,1,6,7.78,95
COL00910,0,3.79,0,7,5.41,36
COL00911,0,3.17,0,9,3.5,58
COL00912,0,2.3,0,10,6.59,13
COL00913,0,0.99,0,5,1.61,76
COL00914,0,3.72,0,4,1.12,27
COL00915,0,3.55,1,7,0.64,61
COL00916,0,1.46,0,0,3.85,48
COL00917,0,1.53,0,7,7.28,47
COL00918,1,3.25,0,4,4.12,10
COL00919,0,4.21,0,10,7.84,95
COL00920,0,3.95,0,0,6.39,9
COL00921,0,2.41,0,6,1.79,3
COL00922,0,1.54,1,10,2.53,47
COL00923,0,2.76,0,9,0.95,4
COL00924,1,1.58,0,8,4.36,0
COL00925,1,1.99,0,8,1.01,86
COL00926,1,4.43,0,5,4.24,17
COL00927,1,4.43,1,2,1.82,37
COL00928,0,1.29,0,1,0.13,33
COL00929,0,4.33,1,0,2.91,49
COL00930,0,3.59,0,0,5.82,51
COL00931,1,3.16,0,1,3.89,30
COL00932,1,1.26,0,3,7.96,68
COL00933,0,4.25,0,9,0.21,90
COL00934,1,3.04,1,6,7.57,1
COL00935,0,1.36,0,10,6.92,71
COL00936,0,3.55,0,10,5.01,57
COL00937,0,2.37,0,6,0.92,35
COL00938,0,3.77,0,10,7.88,41
COL00939,0,2.97,0,4,6.28,72
COL00940,1,2.4,0,10,7.76,23
COL00941,0,1.39,0,7,5.59,52
COL00942,0,3.58,0,8,1.47,91
COL00943,1,1.96,0,4,2.36,57
COL00944,0,4.49,1,1,1.53,84
COL00945,0,1.71,0,2,7.76,94
COL00946,0,1.09,0,10,2.11,96
COL00947,1,1.86,0,3,7.64,40
COL00948,1,3.22,0,5,6.48,60
COL00949,1,3.74,0,8,1.54,5
COL00950,0,0.98,0,0,1.54,34
COL00951,1,0.98,0,7,4.52,2
COL00952,0,3.16,1,1,6.72,24
COL00953,1,2.66,0,9,4.9,47
COL00954,1,4.24,0,2,3.88,71
COL00955,1,2.22,1,8,2.93,35
COL00956,0,1.0,0,6,2.17,55
COL00957,1,3.06,0,0,5.32,99
COL00958,0,1.99,0,1,1.06,51
COL00959,1,4.01,0,3,3.86,34
COL00960,1,3.21,0,1,2.91,30
COL00961,0,2.42,0,8,3.94,7
COL00962,0,0.82,0,4,7.3,7
COL00963,0,3.01,0,10,3.8,30
COL00964,0,2.71,0,2,1.55,41
COL00965,0,4.3,0,10,1.71,5
COL00966,0,1.37,1,6,0.45,81
COL00967,0,3.13,1,3,3.76,50
COL00968,0,2.79,1,6,6.68,82
COL00969,0,0.86,0,0,2.15,49
COL00970,0,0.88,0,9,6.07,94
COL00971,1,2.94,0,3,7.83,34
COL00972,0,3.05,0,6,0.68,79
COL00973,1,3.72,0,8,7.05,53
COL00974,0,1.32,0,5,3.56,38
COL00975,0,1.2,0,5,7.98,5
COL00976,0,4.33,1,6,0.2,53
COL00977,1,0.85,0,6,7.02,10
COL00978,0,2.89,1,3,1.99,25
COL00979,1,3.74,1,0,2.15,28
COL00980,1,3.54,0,4,2.13,47
COL00981,0,1.15,0,4,3.33,12
COL00982,0,4.04,0,6,4.41,41
COL00983,0,3.07,0,7,2.41,96
COL00984,1,2.6,0,4,4.57,56
COL00985,0,4.08,0,0,3.39,85
COL00986,0,2.81,0,2,2.75,7
COL00987,0,1.37,0,2,7.61,33
COL00988,0,2.96,0,1,2.5,6
COL00989,0,2.61,0,5,0.26,100
COL00990,0,3.67,0,2,6.74,86
COL00991,0,2.47,0,6,2.43,82
COL00992,0,3.21,0,6,5.3,10
COL00993,0,2.27,1,6,3.29,42
COL00994,0,2.95,1,5,0.53,17
COL00995,0,3.13,1,1,6.29,35
COL00996,1,1.36,0,10,2.34,36
COL00997,0,2.6,0,1,1.68,67
COL00998,1,1.81,0,0,5.13,34
COL00999,0,1.66,0,8,7.69,5
COL01000,0,3.2,0,7,7.64,17
COL01001,0,2.45,1,1,1.07,23
COL01002,0,4.42,0,8,7.49,64
COL01003,1,2.96,1,6,5.07,92
COL01004,0,2.19,0,3,0.73,28
COL01005,0,1.92,1,0,3.73,8
COL01006,0,1.39,0,2,0.87,75
COL01007,0,2.81,0,2,1.33,78
COL01008,1,4.32,0,2,6.79,10
COL01009,1,4.03,0,9,5.53,80
COL01010,0,3.85,1,9,5.86,87
COL01011,0,2.77,0,10,7.94,10
COL01012,0,3.43,1,6,5.29,40
COL01013,0,2.96,0,4,1.96,90
COL01014,1,2.7,0,10,0.61,16
COL01015,0,3.26,0,8,3.66,66
COL01016,0,1.8,1,7,2.34,10
COL01017,1,4.47,0,4,1.43,27
COL01018,1,0.82,1,1,4.27,62
COL01019,1,3.68,0,9,5.97,69
COL01020,1,3.58,1,4,0.45,14
COL01021,0,3.92,0,1,6.21,69
COL01022,0,4.27,0,2,7.32,13
COL01023,0,2.52,0,10,5.13,4
COL01024,0,1.36,0,8,4.97,2
COL01025,0,4.15,0,0,5.31,54
COL01026,0,2.17,1,0,0.4,19
COL01027,0,4.09,1,1,3.64,58
COL01028,0,1.67,0,9,7.43,33
COL01029,0,3.31,0,10,5.22,12
COL01030,0,2.8,0,1,7.07,99
COL01031,0,1.44,0,8,2.96,23
COL01032,0,1.69,0,4,5.41,35
COL01033,0,1.38,0,6,6.38,70
COL01034,0,2.28,1,6,6.21,14
COL01035,0,2.51,0,1,6.65,73
COL01036,1,4.24,0,3,3.54,89
COL01037,0,1.99,0,7,7.13,77
COL01038,1,4.32,0,9,0.34,33
COL01039,1,1.65,0,5,0.57,49
COL01040,0,4.41,0,10,7.57,89
COL01041,0,1.65,0,7,1.36,75
COL01042,0,0.91,0,5,4.9,28
COL01043,1,3.66,0,1,5.3,5
COL01044,1,3.01,0,2,5.0,75
COL01045,0,4.44,0,8,7.41,55
COL01046,1,3.33,1,3,7.06,66
COL01047,1,2.52,0,0,7.15,11
COL01048,1,4.27,1,5,6.73,74
COL01049,1,2.56,0,6,1.81,84
COL01050,1,1.72,0,6,4.37,14
COL01051,0,2.22,0,10,0.38,24
COL01052,0,1.66,1,10,7.79,44
COL01053,0,3.59,1,1,2.65,88
COL01054,0,4.41,1,7,3.96,69
COL01055,1,3.65,0,6,0.51,88
COL01056,0,1.92,1,5,7.7,57
COL01057,0,1.62,1,0,7.47,52
COL01058,0,4.33,0,7,2.48,23
COL01059,0,2.44,1,8,4.76,8
COL01060,1,2.18,1,1,5.43,44
COL01061,1,3.05,0,4,2.2,32
COL01062,1,3.27,0,5,4.41,52
COL01063,0,2.34,0,4,7.4,21
COL01064,0,1.39,1,2,6.98,24
COL01065,0,3.48,0,4,0.23,17
COL01066,1,4.41,0,1,1.09,95
COL01067,0,1.52,0,5,7.86,13
COL01068,1,3.9,0,9,2.39,39
COL01069,0,3.29,0,0,7.02,38
COL01070,1,2.43,0,4,4.99,12
COL01071,0,4.23,1,4,4.53,12
COL01072,1,2.99,0,7,0.25,22
COL01073,0,3.1,1,6,4.62,77
COL01074,1,1.9,0,8,6.14,59
COL01075,0,3.05,0,6,3.53,26
COL01076,0,3.37,0,1,7.48,94
COL01077,0,3.92,1,10,4.69,86
COL01078,0,2.59,0,0,3.24,65
COL01079,0,4.31,0,2,4.26,31
COL01080,1,3.25,0,3,5.41,46
COL01081,0,3.5,1,1,0.68,27
COL01082,0,3.49,1,8,3.06,35
COL01083,1,3.74,0,4,8.0,15
COL01084,1,4.16,1,5,7.46,9
COL01085,1,2.65,1,3,7.82,92
COL01086,1,3.43,0,6,0.03,66
COL01087,0,2.23,0,7,7.8,4
COL01088,0,1.86,0,0,6.06,13
COL01089,0,3.11,0,1,6.25,62
COL01090,0,4.2,0,4,4.46,40
COL01091,0,4.46,0,1,0.58,94
COL01092,0,2.63,0,7,5.07,26
COL01093,0,2.37,0,3,1.5,38
COL01094,1,4.02,0,3,6.2,21
COL01095,1,1.44,0,1,5.14,91
COL01096,0,2.95,0,9,4.98,10
COL01097,0,3.72,1,7,1.83,53
COL01098,0,3.75,0,6,3.66,14
COL01099,0,2.98,0,9,3.51,8
COL01100,0,2.28,0,4,0.51,69
COL01101,1,3.26,0,7,0.33,56
COL01102,1,1.4,0,1,7.99,17
COL01103,0,3.27,0,1,6.49,15
COL01104,0,3.76,0,0,4.85,51
COL01105,0,2.5,1,6,3.8,32
COL01106,0,3.1,0,4,1.16,62
COL01107,0,3.52,0,8,6.75,1
COL01108,1,2.8,0,10,0.9,2
COL01109,0,1.27,0,7,7.01,60
COL01110,1,1.8,0,8,3.65,12
COL01111,0,3.35,0,9,5.96,16
COL01112,0,4.17,0,8,6.38,93
COL01113,1,2.12,0,3,5.74,72
COL01114,0,1.08,0,10,4.63,53
COL01115,0,4.15,1,1,2.53,10
COL01116,0,1.29,0,1,7.96,75
COL01117,0,3.48,0,2,3.83,40
COL01118,0,4.17,1,9,6.38,89
COL01119,1,2.62,0,10,3.74,20
COL01120,0,3.93,0,2,3.49,53
COL01121,0,2.44,1,4,7.4,25
COL01122,1,1.31,0,10,2.14,36
COL01123,1,4.22,1,6,1.13,92
COL01124,0,2.41,0,4,4.17,3
COL01125,0,2.22,0,1,1.84,90
COL01126,1,2.29,0,0,5.79,78
COL01127,0,2.64,0,5,0.94,93
COL01128,0,2.32,0,0,0.61,33
COL01129,0,0.85,0,0,7.07,80
COL01130,1,3.0,0,10,0.01,26
COL01131,0,3.9,0,2,3.44,29
COL01132,0,0.88,0,10,2.35,19
COL01133,0,3.46,1,2,3.85,35
COL01134,0,4.29,0,4,6.86,48
COL01135,0,2.71,0,5,4.76,33
COL01136,0,2.74,0,0,6.38,27
COL01137,0,2.54,0,0,6.0,48
COL01138,1,3.54,0,4,0.85,67
COL01139,0,3.06,0,4,5.8,81
COL01140,0,3.4,0,5,6.05,83
COL01141,0,3.18,0,0,3.63,62
COL01142,0,1.76,0,10,1.98,99
COL01143,0,1.15,0,1,4.56,39
COL01144,1,1.82,0,4,6.13,51
COL01145,0,3.55,1,1,5.7,54
COL01146,1,3.17,0,2,3.42,42
COL01147,0,2.36,0,9,1.25,48
COL01148,1,1.65,1,1,7.12,100
COL01149,0,3.23,0,8,5.42,5
COL01150,0,3.41,0,10,7.42,48
COL01151,1,2.31,1,1,5.54,74
COL01152,1,3.32,0,5,3.83,11
COL01153,1,1.44,0,6,3.89,86
COL01154,1,1.94,0,1,4.31,72
COL01155,1,1.04,0,0,2.03,69
COL01156,1,4.19,1,8,6.08,91
COL01157,1,3.49,0,7,0.81,23
COL01158,0,2.97,0,9,0.67,23
COL01159,0,1.04,0,10,4.66,42
COL01160,1,2.04,0,4,0.95,54
COL01161,0,3.38,0,0,3.41,41
COL01162,0,3.69,0,0,6.74,96
COL01163,0,3.42,0,5,6.36,8
COL01164,1,1.09,1,2,0.23,45
COL01165,1,3.69,0,5,2.96,32
COL01166,0,2.52,0,7,5.36,11
COL01167,0,1.04,1,5,1.09,66
COL01168,0,2.3,0,8,7.53,2
COL01169,0,3.99,1,10,2.02,79
COL01170,0,1.38,1,1,7.76,94
COL01171,0,2.17,0,6,2.21,12
COL01172,0,2.6,0,8,0.86,16
COL01173,1,1.09,1,8,3.25,29
COL01174,0,2.67,1,5,2.94,69
COL01175,1,4.46,0,10,7.39,57
COL01176,1,3.79,1,6,2.77,97
COL01177,0,3.85,0,2,4.19,37
COL01178,1,4.35,0,2,4.97,4
COL01179,0,4.13,1,1,3.41,91
COL01180,0,4.38,1,10,1.97,92
COL01181,1,3.7,0,6,0.73,48
COL01182,1,3.73,1,0,1.63,33
COL01183,0,3.95,0,1,6.39,1
COL01184,0,4.24,0,6,0.29,88
COL01185,0,2.53,0,7,7.4,46
COL01186,0,4.1,0,3,4.6,36
COL01187,0,1.94,0,9,0.5,36
COL01188,0,2.49,0,9,6.64,84
COL01189,0,2.94,1,8,7.39,3
COL01190,0,3.01,0,0,2.87,2
COL01191,0,3.84,0,6,6.11,17
COL01192,0,2.06,1,3,0.78,31
COL01193,1,2.53,1,3,0.01,20
COL01194,1,2.59,0,10,4.99,53
COL01195,0,2.85,0,0,3.4,37
COL01196,1,2.68,0,9,5.29,8
COL01197,1,3.23,0,9,5.87,63
COL01198,1,1.85,0,5,2.81,43
COL01199,0,2.46,0,4,1.62,36
COL01200,0,1.14,0,1,5.31,6
COL01201,1,3.12,0,7,7.72,5
COL01202,1,2.78,0,10,6.37,75
COL01203,0,1.7,0,7,3.0,54
COL01204,1,4.13,0,3,4.51,88
COL01205,0,2.68,0,6,7.48,83
COL01206,0,4.22,1,10,0.64,8
COL01207,0,1.31,0,1,5.2,45
COL01208,0,2.4,0,3,5.65,3
COL01209,1,1.03,0,9,3.41,12
COL01210,1,1.32,0,8,1.41,18
COL01211,1,3.62,0,3,7.33,31
COL01212,1,2.95,0,10,1.24,99
COL01213,1,2.55,1,5,5.63,54
COL01214,0,1.7,0,4,7.57,100
COL01215,1,2.07,1,9,7.38,20
COL01216,0,3.56,0,6,0.06,75
COL01217,0,2.54,0,9,2.97,12
COL01218,1,0.89,1,9,4.31,98
COL01219,0,4.27,0,5,4.76,12
COL01220,1,0.84,0,5,3.03,57
COL01221,1,1.72,0,7,0.29,50
COL01222,1,1.38,0,3,4.07,46
COL01223,1,0.91,1,2,0.51,79
COL01224,0,1.91,1,3,4.33,10
COL01225,1,3.91,1,2,3.81,34
COL01226,1,1.74,1,2,2.91,72
COL01227,1,1.3,1,9,1.47,80
COL01228,1,1.92,1,1,2.35,66
COL01229,0,3.05,0,7,4.07,24
COL01230,0,3.16,0,5,1.54,14
COL01231,0,3.63,0,10,3.47,7
COL01232,0,3.38,0,0,5.9,71
COL01233,0,1.63,0,7,0.34,60
COL01234,1,4.32,0,8,6.89,82
COL01235,0,4.13,0,4,2.07,5
COL01236,1,1.98,0,3,5.14,85
COL01237,1,1.4,0,4,4.66,23
COL01238,1,2.44,0,4,6.23,81
COL01239,0,4.03,0,3,4.03,26
COL01240,1,2.37,0,9,4.68,23
COL01241,0,1.49,0,3,5.82,60
COL01242,0,3.67,1,6,6.07,8
COL01243,0,2.83,1,5,0.97,45
COL01244,0,3.49,0,6,0.32,43
COL01245,1,4.32,0,5,4.33,43
COL01246,0,2.98,0,10,4.24,97
COL01247,0,1.61,1,7,5.47,32
COL01248,1,3.08,0,8,2.67,90
COL01249,0,3.66,1,1,1.78,6
COL01250,0,3.83,1,1,7.19,13
COL01251,0,3.65,1,10,7.13,53
COL01252,1,4.3,0,9,3.64,86
COL01253,1,0.91,0,10,4.81,81
COL01254,0,1.61,1,6,2.61,18
COL01255,0,1.15,0,7,2.27,97
COL01256,0,2.82,0,8,3.83,1
COL01257,0,2.73,1,3,6.98,71
COL01258,0,1.01,0,6,3.28,66
COL01259,0,1.09,0,9,1.99,48
COL01260,1,4.04,1,3,7.48,26
COL01261,0,3.66,0,4,4.54,39
COL01262,0,2.13,0,9,7.24,18
COL01263,1,1.91,0,5,0.41,27
COL01264,1,2.51,1,2,5.29,79
COL01265,0,4.01,0,2,3.32,16
COL01266,0,1.58,1,9,4.9,51
COL01267,0,2.47,0,2,2.72,4
COL01268,0,1.06,0,0,6.83,36
COL01269,1,2.15,0,8,1.29,18
COL01270,0,3.31,0,9,4.94,8
COL01271,0,4.05,0,8,6.58,61
COL01272,1,1.0,0,8,3.17,61
COL01273,0,2.3,0,0,5.41,61
COL01274,0,3.83,0,6,7.5,18
COL01275,0,0.94,0,1,5.67,73
COL01276,0,2.93,0,5,6.61,11
COL01277,1,4.47,0,2,7.66,25
COL01278,0,1.81,0,7,7.48,69
COL01279,1,0.98,1,2,5.0,86
COL01280,1,1.96,1,8,6.83,62
COL01281,0,3.14,0,9,2.2,64
COL01282,0,2.2,0,0,4.33,67
COL01283,0,2.74,0,0,4.69,24
COL01284,1,2.42,0,4,5.8,97
COL01285,0,2.56,0,5,7.69,42
COL01286,0,1.65,0,10,1.46,44
COL01287,1,4.19,1,0,6.07,24
COL01288,1,2.93,0,3,7.74,60
COL01289,0,0.99,1,8,3.79,25
COL01290,0,1.72,0,1,6.71,43
COL01291,0,2.65,1,6,1.67,25
COL01292,0,3.11,0,5,4.2,54
COL01293,0,1.8,0,6,0.18,64
COL01294,0,2.76,1,6,1.1,70
COL01295,0,1.22,0,5,0.05,5
COL01296,0,1.89,0,1,4.28,65
COL01297,0,3.3,0,9,5.13,44
COL01298,1,4.4,1,1,7.09,35
COL01299,1,2.3,0,0,3.57,50
COL01300,0,2.83,0,3,4.31,48
COL01301,1,3.9,1,7,4.39,96
COL01302,1,2.47,0,4,4.96,60
COL01303,0,3.95,0,8,7.14,70
COL01304,0,1.61,0,6,5.74,61
COL01305,1,3.11,0,10,0.95,97
COL01306,0,2.34,1,3,7.22,68
COL01307,0,3.29,1,7,1.44,6
COL01308,1,2.47,0,10,2.45,62
COL01309,0,3.53,0,4,0.95,78
COL01310,0,4.4,1,7,2.38,46
COL01311,1,3.02,0,3,2.81,21
COL01312,0,4.34,0,10,6.92,4
COL01313,0,1.53,0,10,1.24,30
COL01314,0,0.81,0,0,3.97,96
COL01315,1,2.64,0,6,6.29,18
COL01316,0,1.82,0,1,1.17,45
COL01317,0,2.61,0,10,5.28,88
COL01318,1,1.5,0,10,3.37,3
COL01319,0,0.99,0,9,1.48,96
COL01320,0,2.29,0,1,7.88,37
COL01321,0,3.98,0,5,1.68,6
COL01322,0,3.78,0,0,1.28,52
COL01323,1,4.1,0,1,1.35,88
COL01324,0,2.98,1,3,2.21,47
COL01325,1,3.25,0,3,5.35,10
COL01326,0,3.32,0,6,1.42,14
COL01327,0,4.33,0,5,5.21,43
COL01328,0,0.88,0,1,5.51,15
COL01329,0,4.0,1,2,0.51,23
COL01330,1,0.88,0,1,6.82,8
COL01331,0,3.57,0,4,2.57,64
COL01332,1,0.89,0,1,5.54,100
COL01333,1,2.13,0,9,2.46,52
COL01334,1,3.7,1,2,1.74,65
COL01335,0,3.05,0,3,6.43,23
COL01336,0,1.43,0,3,5.69,56
COL01337,0,0.89,0,5,1.63,38
COL01338,0,2.11,0,7,0.48,24
COL01339,0,1.97,0,1,5.43,15
COL01340,0,4.21,0,2,2.11,73
COL01341,0,3.99,0,8,3.78,26
COL01342,1,1.18,1,8,4.18,3
COL01343,1,4.29,0,1,5.62,23
COL01344,0,1.04,1,1,0.4,85
COL01345,0,0.82,0,0,5.66,17
COL01346,0,3.68,0,4,7.52,90
COL01347,0,2.42,1,4,4.57,24
COL01348,1,3.76,0,3,5.56,38
COL01349,0,2.16,0,9,0.24,43
COL01350,0,4.45,0,7,3.54,40
COL01351,1,1.88,0,6,2.02,19
COL01352,1,1.77,0,6,1.86,68
COL01353,0,1.17,0,9,4.9,0
COL01354,0,1.53,0,10,1.28,25
COL01355,1,0.99,1,2,0.16,36
COL01356,0,1.73,1,5,1.16,57
COL01357,0,2.8,1,10,4.17,78
COL01358,0,1.68,1,10,1.46,61
COL01359,1,3.24,0,9,4.93,77
COL01360,0,2.27,0,3,4.92,24
COL01361,1,2.23,0,2,6.71,13
COL01362,0,3.66,0,10,6.92,32
COL01363,1,1.69,0,3,0.66,2
COL01364,0,3.71,0,10,3.58,27
COL01365,1,3.09,0,8,7.03,55
COL01366,0,2.06,0,9,3.79,11
COL01367,0,3.45,0,2,7.12,17
COL01368,0,3.12,1,5,2.99,58
COL01369,0,3.79,1,0,5.76,88
COL01370,1,3.68,0,9,0.42,73
COL01371,0,1.62,0,3,6.74,22
COL01372,1,2.8,0,7,5.57,20
COL01373,0,2.91,0,4,5.84,8
COL01374,0,3.14,0,1,1.2,63
COL01375,0,3.78,1,6,3.2,6
COL01376,0,2.31,0,2,3.97,33
COL01377,0,1.83,0,9,4.65,97
COL01378,0,2.54,0,7,0.52,18
COL01379,1,1.37,0,2,3.48,44
COL01380,0,2.15,0,7,7.57,56
COL01381,0,3.26,1,2,6.71,0
COL01382,1,2.12,0,10,2.53,31
COL01383,1,3.26,1,4,1.59,76
COL01384,1,2.5,0,7,6.86,60
COL01385,0,2.14,0,3,2.82,83
COL01386,0,1.86,1,4,2.01,16
COL01387,1,1.36,0,1,5.95,8
COL01388,1,1.54,0,1,5.51,15
COL01389,0,2.73,0,3,4.35,74
COL01390,0,3.92,0,4,1.53,80
COL01391,1,3.66,0,1,1.07,71
COL01392,1,3.79,0,4,6.03,47
COL01393,0,2.76,0,4,6.95,94
COL01394,0,1.14,1,1,4.38,59
COL01395,1,1.66,1,1,4.54,42
COL01396,1,2.33,1,3,2.44,3
COL01397,0,4.38,0,9,6.08,95
COL01398,0,1.7,0,9,4.35,31
COL01399,0,1.58,0,7,1.64,84
COL01400,1,3.56,1,8,1.29,80
COL01401,0,2.97,0,5,4.55,64
COL01402,1,4.33,0,5,7.56,42
COL01403,1,2.07,0,6,2.41,23
COL01404,0,0.99,0,6,2.34,4
COL01405,1,2.74,1,2,4.24,80
COL01406,1,1.8,0,9,0.87,18
COL01407,0,4.14,1,6,1.72,81
COL01408,0,2.61,0,3,4.08,32
COL01409,0,3.7,1,0,1.59,58
COL01410,0,0.84,1,1,4.69,12
COL01411,0,3.0,0,5,3.64,86
COL01412,0,1.17,0,2,3.9,8
COL01413,0,4.32,1,2,7.25,47
COL01414,0,1.84,0,0,1.99,16
COL01415,1,1.23,0,8,4.07,78
COL01416,0,3.56,0,6,6.92,60
COL01417,1,3.74,1,9,2.57,63
COL01418,1,1.74,0,8,2.72,64
COL01419,0,3.16,0,3,5.81,72
COL01420,0,4.42,1,0,7.77,44
COL01421,1,4.03,1,3,2.35,36
COL01422,0,4.12,0,3,0.33,69
COL01423,1,0.99,0,9,7.21,29
COL01424,1,2.3,1,3,4.72,3
COL01425,0,4.37,1,7,6.64,84
COL01426,0,3.93,0,9,3.0,40
COL01427,0,3.0,1,8,6.74,83
COL01428,0,1.47,1,2,6.98,57
COL01429,1,3.97,0,2,7.29,25
COL01430,0,4.29,0,1,7.48,59
COL01431,1,2.88,1,8,6.67,43
COL01432,0,3.71,0,0,6.23,19
COL01433,1,4.43,1,5,3.63,82
COL01434,0,2.16,1,1,7.48,25
COL01435,0,3.21,0,7,4.95,50
COL01436,1,4.36,0,0,2.63,74
COL01437,0,3.04,0,1,7.05,21
COL01438,1,3.43,0,1,0.1,59
COL01439,1,2.1,0,6,2.96,30
COL01440,1,3.22,0,0,3.39,95
COL01441,0,2.08,1,2,0.4,17
COL01442,0,3.17,1,4,3.72,1
COL01443,1,2.73,0,4,4.01,40
COL01444,1,1.08,0,2,2.37,2
COL01445,0,1.68,0,0,4.22,94
COL01446,0,3.31,0,5,1.16,72
COL01447,1,2.22,0,10,3.0,28
COL01448,1,1.27,1,2,0.22,62
COL01449,0,2.06,0,10,2.87,14
COL01450,0,4.19,0,8,6.1,17
COL01451,1,3.54,1,9,4.62,78
COL01452,1,2.86,1,4,4.16,63
COL01453,1,2.29,0,1,3.58,7
COL01454,1,2.57,1,5,0.26,82
COL01455,1,2.35,0,8,0.98,58
COL01456,1,2.39,0,10,7.92,94
COL01457,0,0.82,1,0,1.68,2
COL01458,0,2.76,0,9,3.68,7
COL01459,0,2.44,0,9,2.66,36
COL01460,0,2.87,0,5,7.07,25
COL01461,0,1.4,0,9,1.64,39
COL01462,0,2.85,1,10,2.39,16
COL01463,0,2.31,0,4,3.36,7
COL01464,0,2.84,1,8,2.44,17
COL01465,1,2.16,0,4,7.15,77
COL01466,0,2.6,0,2,5.03,16
COL01467,0,2.68,0,4,3.79,26
COL01468,0,3.72,0,5,7.66,57
COL01469,0,1.68,0,3,2.9,55
COL01470,0,3.37,1,3,6.34,3
COL01471,0,2.54,0,4,1.99,73
COL01472,0,1.29,0,2,7.15,17
COL01473,0,1.26,1,10,5.96,84
COL01474,1,1.65,0,10,5.55,67
COL01475,0,2.77,0,0,5.42,86
COL01476,0,0.91,0,2,0.49,97
COL01477,1,3.59,0,1,7.03,49
COL01478,0,4.17,0,7,5.5,59
COL01479,1,4.11,1,6,1.53,81
COL01480,0,1.56,0,4,1.16,56
COL01481,0,3.44,0,10,3.77,21
COL01482,0,3.26,1,4,5.63,28
COL01483,0,1.13,0,4,7.64,23
COL01484,0,2.85,1,10,4.28,77
COL01485,0,2.95,1,0,4.59,68
COL01486,1,2.56,0,2,5.71,98
COL01487,1,1.54,0,0,2.01,14
COL01488,0,1.44,1,6,6.18,71
COL01489,0,4.27,1,9,1.01,60
COL01490,0,1.7,0,3,5.42,9
COL01491,0,4.32,0,6,5.25,74
COL01492,1,1.7,0,7,0.6,67
COL01493,0,2.61,0,3,0.58,3
COL01494,1,4.18,0,5,2.17,47
COL01495,0,3.59,0,7,6.96,28
COL01496,0,1.12,0,1,3.87,34
COL01497,0,3.02,0,7,4.9,31
COL01498,1,2.17,1,7,1.99,18
COL01499,1,3.36,0,6,1.21,88
